"Id_departamento","PIN","Departamento","Clave","Mostrar","Fecha","Id_CatalogoDepartamento"
"1","2yudm","Aseguramiento de Producto Terminado","AseguramientodeProductoTerminado","1","2020-01-08 14:22:43","2"
"2","5qz8t","Aseguramiento de Producto Terminado en Aduanas","AseguramientodeProductoTerminadoenAduanas","1","2020-01-08 14:22:43","3"
"3","2yudm","Asuntos Internacionales","AsuntosInternacionales","1","2020-01-08 14:22:43","2"
"4","5qz8t","Centro de Referencia Agave Tequila","CentrodeReferenciaAgaveTequila","1","2020-01-08 14:22:43","3"
"5","2yudm","Compras y Servicios","ComprasyServicios","1","2020-01-08 14:22:43","2"
"6","2yudm","Aseguramiento de Producto Terminado en Aduanas","AseguramientodeProductoTerminadoenAduanas","1","2020-01-08 14:22:43","2"
"7","2yudm","Centro de Referencia Agave Tequila","CentrodeReferenciaAgaveTequila","1","2020-01-08 14:22:43","2"
"8","2yudm","Compras y Servicios","ComprasyServicios","1","2020-01-09 17:09:02","2"
"9","2yudm","Comunicacion","Comunicacion","1","2020-01-09 17:09:02","2"
"10","2yudm","Contraloria","Contraloria","1","2020-01-09 17:09:02","2"
"11","2yudm","Direccion General","DireccionGeneral","1","2020-01-09 17:09:02","2"
"12","2yudm","Laboratorio","Laboratorio","1","2020-01-09 17:09:02","2"
"13","2yudm","Mantenimiento","Mantenimiento","1","2020-01-09 17:09:02","2"
"14","2yudm","Organismo de Certificacion","OrganismodeCertificacion","1","2020-01-09 17:09:02","2"
"15","2yudm","Organismo de Certificacion Agricola","OrganismodeCertificacionAgricola","1","2020-01-09 17:09:02","2"
"16","2yudm","Recursos Humanos","RecursosHumanos","1","2020-01-09 17:09:02","2"
"17","2yudm","Sistemas de Calidad","SistemasdeCalidad","1","2020-01-09 17:09:02","2"
"18","2yudm","Tecnologias de la Informacion","TecnologiasdelaInformacion","1","2020-01-09 17:10:09","2"
"19","2yudm","Unidad de Verificacion","UnidaddeVerificacion","1","2020-01-09 17:10:09","2"
"20","2yudm","Vigilancia","Vigilancia","1","2020-01-09 17:10:20","2"
"21","5qz8t","Aseguramiento de Producto Terminado","AseguramientodeProductoTerminado","1","2020-01-08 14:22:43","3"
"22","5qz8t","POWER","power","1","2020-01-08 14:22:43","3"
"24","pxzpx","DETROIT","detroit","1","2020-01-20 00:59:25","4"
"25","pxzpx","CIW","ciw","1","2020-01-20 00:59:25","4"
"26","pxzpx","FAC","fac","1","2020-01-20 01:16:16","4"
"27","pxzpx","FCB","fcb","1","2020-01-20 01:16:16","4"
"28","pxzpx","FCH","fch","1","2020-01-20 01:16:16","4"
"29","pxzpx","MRG","mrg","1","2020-01-20 01:16:16","4"
"30","pxzpx","MTLS","mtls","1","2020-01-20 01:16:16","4"
"31","pxzpx","OFFLINE","offline","1","2020-01-20 01:16:16","4"
"32","pxzpx","PAINT","paint","1","2020-01-20 01:16:16","4"
"33","pxzpx","PCH","pch","1","2020-01-20 01:16:16","4"
"34","pxzpx","CTS","cts","1","2020-01-20 01:16:16","4"
"35","pxzpx","QA","qa","1","2020-01-20 01:16:16","4"
"36","pxzpx","SPARK","spark","1","2020-01-20 01:17:31","4"
"37","pxzpx","TOS","tos","1","2020-01-20 01:17:31","4"
"38","pxzpx","HR","hr","1","2020-01-20 01:17:42","4"
"39","x","Direccion","direccion","1","2020-01-22 17:50:23","1"
"40","x","Ventas","ventas","1","2020-01-22 17:50:23","1"
"41","x","Marketing","marketing","1","2020-01-22 17:50:23","1"
"42","x","Administracion","administracion","1","2020-01-22 17:50:23","1"
"43","x","Contabilidad","contabilidad","1","2020-01-22 17:50:23","1"
"44","x","Finanzas","finanzas","1","2020-01-22 17:50:23","1"
"45","x","Legal","legal","1","2020-01-22 17:50:23","1"
"46","x","Servicio al Cliente","servicioalcliente","1","2020-01-22 17:50:23","1"
"47","x","Informatica, Sistemas y Tecnologia","informatica","1","2020-01-22 17:50:23","1"
"48","x","Innovacion","innovacion","1","2020-01-22 17:50:23","1"
"49","x","Produccion","produccion","1","2020-01-22 17:50:23","1"
"50","x","Compras y Logistica","compraslogistica","1","2020-01-22 17:50:23","1"
"51","x","Recursos humanos","rh","1","2020-01-22 17:50:23","1"
"52","x","Servicios Generales","serviciosgenerales","1","2020-01-22 17:50:23","1"
"53","x","Otros","otros","1","2020-01-22 17:50:23","1"
"54","x","Departamento Ejemplo 1","depEjem1","1","2020-01-22 19:13:12","5"
"55","x","Departamento Ejemplo 2","depEjem2","1","2020-01-22 19:13:12","5"
"56","x","Departamento Ejemplo 3","depEjem3","1","2020-01-22 19:13:12","5"
"57","x","Departamento Ejemplo 4","depEjem4","1","2020-01-22 19:13:12","5"
"58","x","Power","power","1","2020-01-23 20:21:17","6"
"59","x","Storage","storage","1","2020-01-23 20:21:17","6"
"60","x","00951 - SONY COMERCIO DE MEXICO SA D","SonyComercioDeMexicoSA","1","2020-01-23 20:23:22","7"
"61","x","AGI","AGI","1","2020-01-28 13:58:39","8"
"62","x","Asset Reliability and Performance","AssetReliabilityPerformance","1","2020-01-28 13:58:39","8"
"63","x","Business Optimization","BusinessOptimization","1","2020-01-28 13:58:39","8"
"64","x","Construction Facilities","ConstructionFacilities","1","2020-01-28 13:58:39","8"
"65","x","Construction Pipeline","ConstructionPipeline","1","2020-01-28 13:58:39","8"
"66","x","Construction PL","ConstructionPL","1","2020-01-28 13:58:39","8"
"67","x","Engineering","Engineering","1","2020-01-28 13:58:39","8"
"68","x","External Compliance","ExternalCompliance","1","2020-01-28 13:58:39","8"
"69","x","HSE","HSE","1","2020-01-28 13:58:39","8"
"70","x","Infrastructure","Infrastructure","1","2020-01-28 13:58:39","8"
"71","x","LP and CR Compliance","LPandCRCompliance","1","2020-01-28 13:58:39","8"
"72","x","Land","Land","1","2020-01-28 13:58:39","8"
"73","x","Legal","Legal","1","2020-01-28 13:58:39","8"
"74","x","MGO MX Env Land and Community","MGOMXEnvLandAndCommunity","1","2020-01-28 13:58:39","8"
"75","x","Operations","Operations","1","2020-01-28 13:58:39","8"
"76","x","Permit","Permit","1","2020-01-28 13:58:39","8"
"77","x","Quality","Quality","1","2020-01-28 13:58:39","8"
"78","x","RCI","RCI","1","2020-01-28 13:58:39","8"
"79","x","SCM Major Projects","SCMMajorProjects","1","2020-01-28 13:58:39","8"
"80","x","Security","Security","1","2020-01-28 13:58:39","8"
"81","x","Technical Services","TechnicalServices","1","2020-01-28 13:59:01","8"
"87","x","Administracion","Administracion","1","2020-02-25 11:19:11","10"
"88","x","Comercial","Comercial","1","2020-02-25 11:19:11","10"
"89","x","Direccion","Direccion","1","2020-02-25 11:19:11","10"
"90","x","Diseño y comunicacion","DisenoYComunicacion","1","2020-02-25 11:19:11","10"
"91","x","Marketing","Marketing","1","2020-02-25 11:19:11","10"
"92","x","Operaciones","Operaciones","1","2020-02-25 11:19:11","10"
"93","x","Talento","Talento","1","2020-02-25 11:19:11","10"
"94","x","Departamento Prueba Miky","DepartamentoPruebaMiky","1","2020-03-10 13:27:19","3"
"95","x","Otro Departamento Prueba","OtroDepartamentoPrueba","1","2020-03-10 13:32:01","3"
"96","x","Administracion y diseno","Administracionydiseno","1","2020-03-10 13:47:16","3"
"97","x","Departamento Ejemplo 5","DepartamentoEjemplo5","1","2020-03-10 13:50:28","5"
"98","x","Otro mas","Otromas","1","2020-03-10 14:05:22","3"
"99","x","Produccion","Produccion","1","2020-03-18 03:06:23","11"
"103","x","Contabilidad","Contabilidad","1","2020-03-18 04:43:03","11"
"104","x","RRHH","RRHH","1","2020-03-18 04:43:10","11"
"105","x","Direccion","Direccion","1","2020-03-18 04:44:38","11"
"106","x","Administrativa","Administrativa","1","2020-03-20 14:12:10","14"
"107","x","PRODUCCION","PRODUCCION","1","2020-03-20 14:34:55","15"
"108","x","PRODUCCION","PRODUCCION","1","2020-03-20 14:38:59","16"
"109","x","Administracion","Administración","1","2020-03-20 14:51:09","17"
"110","x","Ventas","Ventas","1","2020-03-20 14:51:09","17"
"111","x","Servicio","Servicio","1","2020-03-20 14:51:09","17"
"112","x","Coordinacion","Coordinacion","1","2020-03-20 14:51:09","17"
"113","x","Gerencia","Gerencia","1","2020-03-20 14:51:09","17"
"114","x","03931 - EBAY SERVICES MEXICO S DE RL DE CV","03931","1","2020-03-25 18:20:13","18"
"115","x","00291 - TOPACD SOLUTIONS DE MEXICO S","00291","1","2020-03-25 18:48:11","19"
"116","x","07037","07037","1","2020-03-25 18:55:04","20"
"117","x","03742","03742","1","2020-03-25 19:00:59","21"
"118","x","iVE LABS","iVELABS","1","2020-03-27 00:54:51","22"
"119","x","iVE PnP","iVEPnP","1","2020-03-27 00:54:51","22"
"120","x","PHG Platform Deployment support","PHGPlatformDeploymentSupport","1","2020-03-27 00:54:51","22"
"121","x","TALEN SOURCE","TALENSOURCE","1","2020-03-27 00:54:51","22"
"123","x","03894 SUPERIOR INDUSTRIES ","SUPERIORINDUSTRIES ","1","2020-04-16 17:08:42","23"
"124","x","DSV SOLUTIONS SA DE CV","DSVSOLUTIONS","1","2020-04-16 17:15:45","24"
"125","x","01072 TRW OCCUPANT","TRWOCCUPANT","1","2020-04-16 17:23:10","25"
"126","x","PROCENAL SERVICIOS","PROCENALSERVICIOS","1","2020-04-23 13:41:38","26"
"127","x","FORD MOTOR COMPANY MEXICO","FORDMOTORCOMPANYMEXICO","1","2020-04-23 13:50:40","27"
"128","x","TMSM SERVICIOS DE MEXICO","TMSMSERVICIOSDEMEXICO","1","2020-04-23 13:59:31","28"
"129","x","Call Center","CallCenter","1","2020-05-06 19:04:46","29"
"130","x","Tienda GDL","TiendaGDL","1","2020-05-06 19:04:46","29"
"131","x","Tienda Colima","TiendaColima","1","2020-05-06 19:04:46","29"
"132","x","Contabilidad","Contabilidad","1","2020-05-06 19:04:46","29"
"133","x","TECHNICOLOR HOME ENTERTAINMENT","TECHNICOLORHOMEENTERTAINMENT","1","2020-05-18 15:18:38","30"
"148","x","CORPORATIVO UEN NL  UEN NL Construccion","CORPORATIVOUENNLUENNLConstruccion","1","2020-06-10 14:00:51","32"
"149","x","UEN NL Comercial UEN CDMX  UEN CDMX Construccion","UENNLComercialUENCDMXUENCDMXConstruccion","1","2020-06-10 14:06:13","32"
"150","x","UEN CDMX Comercial UEN JAL  UEN JAL Construccion","UENCDMXComercialUENJALUENJALConstruccion","1","2020-06-10 14:08:43","32"
"151","x","UEN JAL Comercial UEN BAJIO  PLAZA QRO Construccion","UENJALComercialUENBAJIOPLAZAQROConstruccion","1","2020-06-10 14:09:53","32"
"152","x","PLAZA QRO Comercial PLAZA AGS Construccion","PLAZAQROComercialPLAZAAGSConstruccion","1","2020-06-10 14:10:10","32"
"153","x","PLAZA AGS Comercial PLAZA ROO  PLAZA ROO Construccion","PLAZAAGSComercialPLAZAROOPLAZAROOConstruccion","1","2020-06-10 14:10:26","32"
"154","x","PLAZA ROO Comercial PLAZA REY  PLAZA REY Construccion","PLAZAROOComercialPLAZAREYPLAZAREYConstruccion","1","2020-06-10 14:10:38","32"
"155","x","PLAZA REY Comercial","PLAZAREYComercial","1","2020-06-10 14:10:48","32"
"157","x","CORPORATIVO UEN NL  UEN NL Construccion","CORPORATIVOUENNLUENNLConstruccion","1","2020-06-10 14:23:45","33"
"158","x","UEN NL Comercial UEN CDMX  UEN CDMX Construccion","UENNLComercialUENCDMXUENCDMXConstruccion","1","2020-06-10 14:24:01","33"
"159","x","UEN CDMX Comercial UEN JAL  UEN JAL Construccion","UENCDMXComercialUENJALUENJALConstruccion","1","2020-06-10 14:24:17","33"
"160","x","UEN JAL Comercial UEN BAJIO  PLAZA QRO Construccion","UENJALComercialUENBAJIOPLAZAQROConstruccion","1","2020-06-10 14:24:32","33"
"161","x","PLAZA QRO Comercial PLAZA AGS Construccion","PLAZAQROComercialPLAZAAGSConstruccion","1","2020-06-10 14:24:44","33"
"162","x","PLAZA AGS Comercial PLAZA ROO  PLAZA ROO Construccion","PLAZAAGSComercialPLAZAROOPLAZAROOConstruccion","1","2020-06-10 14:24:57","33"
"163","x","PLAZA ROO Comercial PLAZA REY  PLAZA REY Construccion","PLAZAROOComercialPLAZAREYPLAZAREYConstruccion","1","2020-06-10 14:25:08","33"
"164","x","PLAZA REY Comercial","PLAZAREYComercial","1","2020-06-10 14:25:20","33"
"165","x","02441 - BORGWARNER MORSE TEC MEXICO","02441BORGWARNERMORSETECMEXICO","1","2020-06-10 16:53:10","34"
"166","x","6941 ALTEC ELECTRONICA CHIHUAHUA - OPERACIONES","6941ALTECELECTRONICACHIHUAHUAOPERACIONES","1","2020-06-10 17:07:43","35"
"167","x","DEMEK 06996 - Operaciones","DEMEK06996Operaciones","1","2020-06-10 17:15:01","36"
"168","x","ADMINISTRACION","ADMINISTRACION","1","2020-06-10 17:23:55","37"
"169","x","MEDICA","MEDICA","1","2020-06-10 17:23:55","37"
"170","x","OPERACIONES","OPERACIONES","1","2020-06-10 17:23:55","37"
"171","x","ADMINISTRACION","ADMINISTRACION","1","2020-06-10 17:38:44","38"
"172","x","OPERACIONES","OPERACIONES","1","2020-06-10 17:38:44","38"
"175","x","ALMACEN","ALMACEN","1","2020-06-10 17:46:04","39"
"176","x","CALIDAD","CALIDAD","1","2020-06-10 17:46:04","39"
"177","x","CONVERTING","CONVERTING","1","2020-06-10 17:46:04","39"
"178","x","EMPAQUE","EMPAQUE","1","2020-06-10 17:46:04","39"
"179","x","INGENIERIA","INGENIERIA","1","2020-06-10 17:46:04","39"
"180","x","MTTO EDIFICIO","MTTOEDIFICIO","1","2020-06-10 17:46:04","39"
"181","x","RECURSOS HUMANOS","RECURSOSHUMANOS","1","2020-06-10 17:46:04","39"
"182","x","1981","1981","1","2020-06-10 17:55:18","40"
"183","x","3036","3036","1","2020-06-10 17:55:18","40"
"184","x","4851","4851","1","2020-06-10 17:55:18","40"
"185","x","Admin","Admin","1","2020-06-24 11:06:54","41"
"186","x","OPERACIONES","OPERACIONES","1","2020-06-24 16:51:10","42"
"187","x","ADMINISTRACION","ADMINISTRACION","1","2020-06-24 17:00:32","43"
"188","x","MANTENIMIENTO","MANTENIMIENTO","1","2020-06-24 17:00:32","43"
"189","x","OPERACIONES","OPERACIONES","1","2020-06-24 17:00:32","43"
"190","x","SISTEMAS","SISTEMAS","1","2020-06-24 17:00:32","43"
"191","x","CDMX","CDMX","1","2020-06-24 17:08:14","44"
"192","x","DISTRITO FEDERAL","DISTRITOFEDERAL","1","2020-06-24 17:08:14","44"
"193","x","HIDALGO","HIDALGO","1","2020-06-24 17:08:14","44"
"194","x","MONTERREY","MONTERREY","1","2020-06-24 17:08:14","44"
"195","x","QUERETARO","QUERETARO","1","2020-06-24 17:08:14","44"
"196","x","SAN LUIS POTOSI","SANLUISPOTOSI","1","2020-06-24 17:08:14","44"
"197","x","CADENA DE SUMINISTRO","CADENADESUMINISTRO","1","2020-06-24 17:18:39","45"
"198","x","CALIDAD","CALIDAD","1","2020-06-24 17:18:39","45"
"199","x","ENSAMBLE","ENSAMBLE","1","2020-06-24 17:18:39","45"
"200","x","MANTENIMIENTO","MANTENIMIENTO","1","2020-06-24 17:18:39","45"
"201","x","PRODUCCION","PRODUCCION","1","2020-06-24 17:18:39","45"
"202","x","PRODUCCION","PRODUCCION","1","2020-06-24 17:26:37","46"
"203","x","OPERACIONES","OPERACIONES","1","2020-06-24 17:31:40","47"
"204","x","Capital Humano","CapitalHumano","1","2020-06-29 10:30:54","51"
"205","x","Compras","Compras","1","2020-06-29 10:31:07","51"
"209","x","Call Center","CallCenter","1","2020-06-29 10:47:46","51"
"214","x","Credito","Credito","1","2020-06-29 12:54:27","51"
"215","x","Auditoria","Auditoria","1","2020-06-29 12:54:45","51"
"217","x","Cobranza","Cobranza","1","2020-06-29 12:56:02","51"
"219","x","Exodus","Exodus","1","2020-06-29 12:56:16","51"
"220","x","Sistemas","Sistemas","1","2020-06-29 12:56:23","51"
"221","x","Vigilancia","Vigilancia","1","2020-06-29 12:57:51","51"
"222","x","Monitoreo","Monitoreo","1","2020-06-29 12:57:59","51"
"223","x","Medicion Control y Mejora","MedicionControlyMejora","1","2020-06-29 13:00:52","51"
"224","x","Cedis Embarques ","CedisEmbarques","1","2020-06-29 13:01:05","51"
"225","x","Cedis Abastecimiento","CedisAbastecimiento","1","2020-06-29 13:01:19","51"
"226","x","Mantenimiento ","Mantenimiento","1","2020-06-29 13:01:47","51"
"227","x","Mercadotecnia","Mercadotecnia","1","2020-06-29 13:02:00","51"
"230","x","Pricing Control","PricingControl","1","2020-06-29 13:05:12","51"
"232","x","Ventas","Ventas","1","2020-06-29 13:05:52","51"
"233","x","Planeacion y Calidad ","PlaneacionyCalidad","1","2020-06-29 13:06:40","51"
"234","x","Recursos Materiales","RecursosMateriales","1","2020-06-29 13:07:07","51"
"235","x","Contabilidad","Contabilidad","1","2020-06-29 13:07:26","51"
"237","x","Garantias ","Garantias","1","2020-06-29 13:08:45","51"
"241","x","Regional Comercial","RegionalComercial","1","2020-06-29 15:14:17","51"
"242","x","Regional Operativo","RegionalOperativo","1","2020-06-29 15:33:04","51"
"243","x","Regional Integral","RegionalIntegral","1","2020-06-29 15:37:34","51"
"244","x","Juridico","Juridico","1","2020-06-29 15:40:28","51"
"245","x","Expansion ","Expansion","1","2020-06-29 15:41:05","51"
"246","x","Direccion Comercial","DireccionComercial","1","2020-06-29 15:41:56","51"
"247","x","Direccion Operativa","DireccionOperativa","1","2020-06-29 15:42:07","51"
"248","x","Direccion de Compras","DirecciondeCompras","1","2020-06-29 15:42:24","51"
"249","x","Direccion Finanzas ","DireccionFinanzas","1","2020-06-29 15:42:54","51"
"250","x","Direccion Capital Humano","DireccionCapitalHumano","1","2020-06-29 16:00:22","51"
"251","x","Ventas Canal de Ruteo ","VentasCanaldeRuteo","1","2020-06-30 13:35:39","51"
"252","x","Ventas Canal Corporativo","VentasCanalCorporativo","1","2020-06-30 13:36:15","51"
"255","x","Rfa24","Rfa24","1","2020-06-30 13:39:17","51"
"256","x","Vndi24","Vndi24","1","2020-06-30 13:40:16","51"
"257","x","Canal Punto de Venta","CanalPuntodeVenta","1","2020-06-30 13:40:54","51"
"259","x","Administracion","administracion","1","2020-07-01 10:00:41","90"
"260","x","Finanzas","Finanzas","1","2020-07-01 10:00:56","90"
"261","x","Produccion","Produccion","1","2020-07-01 10:01:09","90"
"262","x","Mantenimiento","Mantenimiento","1","2020-07-01 10:01:24","90"
"263","x","Calidad","Calidad","1","2020-07-01 10:01:36","90"
"264","x","VentasLogistica","VentasLogistica","1","2020-07-01 10:02:22","90"
"265","x","Control de Produccion","ControldeProduccion","1","2020-07-01 10:02:56","90"
"266","x","Sucursal","Sucursal","1","2020-07-02 09:03:39","52"
"267","x","Mantenimiento ","Mantenimiento","1","2020-07-02 09:10:42","69"
"268","x","Recursos Materiales","RecursosMateriales","1","2020-07-02 09:10:59","53"
"269","x","Auditoria","Auditoria","1","2020-07-02 09:11:12","54"
"270","x","Call Center","CallCenter","1","2020-07-02 09:11:26","55"
"271","x","Canal Punto de Venta","CanalPuntodeVenta","1","2020-07-02 09:11:41","58"
"272","x","Capital Humano","CapitalHumano","1","2020-07-02 09:11:54","57"
"273","x","Cedis Logistica","CedisLogistica","1","2020-07-02 09:12:10","59"
"274","x","Cobranza","Cobranza","1","2020-07-02 09:12:38","81"
"275","x","Compras","Compras","1","2020-07-02 09:12:53","83"
"276","x","Contabilidad","Contabilidad","1","2020-07-02 09:13:04","84"
"277","x","Credito","Credito","1","2020-07-02 09:13:19","82"
"278","x","Juridico","Juridico","1","2020-07-02 09:13:36","68"
"279","x","Cumulus","Cumulus","1","2020-07-02 09:13:50","89"
"280","x","Direccion Capital Humano","DireccionCapitalHumano","1","2020-07-02 09:14:04","62"
"281","x","Direccion Comercial","DireccionComercial","1","2020-07-02 09:14:22","60"
"282","x","Direccion de Compras","DirecciondeCompras","1","2020-07-02 09:14:39","63"
"283","x","Direccion Finanzas ","DireccionFinanzas","1","2020-07-02 09:15:15","64"
"284","x","Direccion Operativa","DireccionOperativa","1","2020-07-02 09:15:27","61"
"285","x","Division Motos","DivisionMotos","1","2020-07-02 09:15:46","85"
"286","x","Exodus","Exodus","1","2020-07-02 09:16:01","65"
"287","x","Expansion ","Expansion","1","2020-07-02 09:16:16","66"
"288","x","Garantias ","Garantias","1","2020-07-02 09:16:28","67"
"289","x","Medicion Control y Mejora","MedicionControlyMejora","1","2020-07-02 09:16:49","70"
"290","x","Mercadotecnia","Mercadotecnia","1","2020-07-02 09:17:04","71"
"291","x","Planeacion y Calidad ","PlaneacionyCalidad","1","2020-07-02 09:17:21","74"
"292","x","Pricing Control","PricingControl","1","2020-07-02 09:17:33","75"
"293","x","REFA 24","REFA24","1","2020-07-02 09:17:47","72"
"294","x","Regional Comercial","RegionalComercial","1","2020-07-02 09:18:06","56"
"295","x","Regional Operativo","RegionalOperativo","1","2020-07-02 09:18:19","86"
"296","x","Sistemas","Sistemas","1","2020-07-02 09:18:32","87"
"297","x","Ventas","Ventas","1","2020-07-02 09:18:55","76"
"298","x","Ventas Canal Corporativo","VentasCanalCorporativo","1","2020-07-02 09:19:11","77"
"299","x","Ventas Canal de Ruteo ","VentasCanaldeRuteo","1","2020-07-02 09:19:23","78"
"300","x","Vigilancia","Vigilancia","1","2020-07-02 09:19:36","80"
"301","x","VNDI 24","VNDI24","1","2020-07-02 09:19:50","88"
"302","x","06681 SERVICIOS COMERCIALES AMAZON MEXICO S DE RL","06681SERVICIOSCOMERCIALESAMAZONMEXICOSDERL","1","2020-07-03 16:57:56","91"
"303","x","06731 APM TERMINALS LAZARO CARDENAS SA DE CV","06731APMTERMINALSLAZAROCARDENASSADECV","1","2020-07-03 16:57:56","92"
"304","x","04971 CAF MEXICO SA DE CV","04971CAFMEXICOSADECV","1","2020-07-03 16:57:56","93"
"305","x","06991 CONSTRUCCION MANTENIMIENTO FERROVIAS Y SUBSISTEMAS","06991CONSTRUCCIONMANTENIMIENTOFERROVIASYSUBSISTEMAS","1","2020-07-03 16:57:56","94"
"306","x","01391 ELECTROLUX COMERCIAL SA DE CV","01391ELECTROLUXCOMERCIALSADECV","1","2020-07-03 16:57:56","95"
"307","x","06551 FEDERAL MOGUL DE MEXICO S DE RL DE CV","06551FEDERALMOGULDEMEXICOSDERLDECV","1","2020-07-03 16:57:56","96"
"308","x","04631 FEDERAL MOGUL FIL P43 S DE RL DE CV","04631FEDERALMOGULFILP43SDERLDECV","1","2020-07-03 16:57:56","97"
"309","x","07027 HELLMANN CONTRACT LOGISTICS SA DE CV","07027HELLMANNCONTRACTLOGISTICSSADECV","1","2020-07-03 16:57:56","98"
"310","x","06101 KUEHNE Y NAGEL SA DE CV","06101KUEHNEYNAGELSADECV","1","2020-07-03 16:57:56","99"
"311","x","04641 MCCORD PAYEN DE MEXICO S DE RL DE SV","04641MCCORDPAYENDEMEXICOSDERLDESV","1","2020-07-03 16:57:56","100"
"312","x","06571 RAIMSA S DE RL DE CV","06571RAIMSASDERLDECV","1","2020-07-03 16:57:56","101"
"313","x","03331 RH ALTERNATIVO SA DE CV","03331RHALTERNATIVOSADECV","1","2020-07-03 16:57:56","102"
"314","x","07045 SAMSUNG ELECTRONICS MEXICO SA DE CV","07045SAMSUNGELECTRONICSMEXICOSADECV","1","2020-07-03 16:57:56","103"
"315","x","06971 SAMSUNG ELECTRONICS MEXICO SA DE CV","06971SAMSUNGELECTRONICSMEXICOSADECV","1","2020-07-03 16:57:56","103"
"316","x","06541 SERVICIOS ADMINISTRATIVOS INDUSTRIALES S de RL","06541SERVICIOSADMINISTRATIVOSINDUSTRIALESSdeRL","1","2020-07-03 16:57:56","104"
"317","x","00911 - SISTEMAS AVANZADOS PARA EL CONOCIMIENTO","00911-SISTEMASAVANZADOSPARAELCONOCIMIENTO","1","2020-07-03 16:57:56","105"
"318","x","00951 - SONY COMERCIO DE MEXICO SA DE CV","00951-SONYCOMERCIODEMEXICOSADECV","1","2020-07-03 16:57:56","106"
"319","x","00957 - SONY DE MEXICO S.A. DE C.V.","00957-SONYDEMEXICOS.A.DEC.V.","1","2020-07-03 16:57:56","106"
"320","x","01002 TECHNICOLOR HOME ENTERTAINMENT","01002TECHNICOLORHOMEENTERTAINMENT","1","2020-07-03 16:57:56","107"
"321","x","07051 TOUCHBISTRO MEXICO SA DE CV","07051TOUCHBISTROMEXICOSADECV","1","2020-07-03 16:57:56","108"
"322","x","06841 VERTIV MEXICO SA DE CV","06841VERTIVMEXICOSADECV","1","2020-07-03 16:57:56","109"
"323","x","06281 WILLIS AGENTE DE SEGUROS Y DE FIANZAS SA DE CV","06281WILLISAGENTEDESEGUROSYDEFIANZASSADECV","1","2020-07-03 16:57:56","110"
"324","x","06361 TOWERS WATSON CONSULTORES MÉXICO SA DE CV","06361TOWERSWATSONCONSULTORESMÉXICOSADECV","1","2020-07-03 16:57:56","110"
"325","x","06251 TOWERS WATSON MEXICO AGENTE DE SEGUROS SA DE CV","06251TOWERSWATSONMEXICOAGENTEDESEGUROSSADECV","1","2020-07-03 16:57:56","110"
"329","x","Direccion","Direccion","1","2020-08-10 12:07:23","129"
"330","x","Contabilidad","Contabilidad","1","2020-08-10 12:07:30","129"
"338","x","OPERACIONES","OPERACIONES","1","2020-08-10 14:38:31","131"
"339","x","RECURSOS HUMANOS","RECURSOSHUMANOS","1","2020-08-10 14:38:51","131"
"340","x","COMERCIAL","COMERCIAL","1","2020-08-10 14:39:08","131"
"341","x","ADMINISTRATIVO","ADMINISTRATIVO","1","2020-08-10 14:39:20","131"
"342","x","NXP","NXP","1","2020-08-17 01:51:09","132"
"343","x","Almacen","Almacen","1","2020-08-20 09:55:50","130"
"344","x","Calidad","Calidad","1","2020-08-20 09:55:58","130"
"345","x","Mantenimiento","Mantenimiento","1","2020-08-20 09:56:09","130"
"346","x","Taller","Taller","1","2020-08-20 09:56:16","130"
"347","x","Capital Humano","CapitalHumano","1","2020-08-29 11:06:36","133"
"348","x","Ventas","Ventas","1","2020-08-29 11:06:44","133"
"349","x","Almacen","Almacen","1","2020-08-29 11:06:55","133"
"350","x","Logistica","Logistica","1","2020-08-29 11:07:10","133"
"351","x","ATR","ATR","1","2020-08-29 11:07:21","133"
"352","x","Cuentas por Pagar","CuentasporPagar","1","2020-08-29 11:07:39","133"
"353","x","Cuentas por Cobrar","CuentasporCobrar","1","2020-08-29 11:07:49","133"
"354","x","Compras","Compras","1","2020-08-29 11:07:55","133"
"355","x","Facturacion","Facturacion","1","2020-08-29 11:08:25","133"
"356","x","Contabilidad","Contabilidad","1","2020-09-02 09:39:31","136"
"357","x","OPERACIONES","OPERACIONES","1","2020-09-02 16:35:12","140"
"358","x","ventas","ventas","1","2020-09-04 11:13:41","141"
"359","x","produccion","produccion","1","2020-09-04 11:13:52","141"
"360","x","CALIDAD","CALIDAD","1","2020-09-07 13:39:12","144"
"361","x","OPERACIONES","OPERACIONES","1","2020-09-07 13:39:12","144"
"362","x","RECURSOS HUMANOS","RECURSOSHUMANOS","1","2020-09-07 13:39:12","144"
"363","x","SEGURIDAD","SEGURIDAD","1","2020-09-07 13:39:12","144"
"364","x","PRODUCCION","PRODUCCION","1","2020-09-07 16:06:25","145"
"365","x","TOOL ROOM","TOOLROOM","1","2020-09-07 16:06:38","145"
"366","x","MANTENIMIENTO","MANTENIMIENTO","1","2020-09-07 16:06:47","145"
"367","x","MATERIALES","MATERIALES","1","2020-09-07 16:06:59","145"
"368","x","CALIDAD","CALIDAD","1","2020-09-07 16:07:09","145"
"369","x","FINANZAS  IT","FINANZASIT","1","2020-09-07 16:07:19","145"
"370","x","RECURSOS HUMANOS","RECURSOSHUMANOS","1","2020-09-07 16:07:29","145"
"371","x","VENTAS ","VENTAS","1","2020-09-07 16:07:39","145"
"372","x","INGENIERIA","INGENIERIA","1","2020-09-07 16:07:49","145"
"373","x","NUEVOS PROYECTOS","NUEVOSPROYECTOS","1","2020-09-07 16:07:57","145"
"374","x","Contabilidad1","Contabilidad1","1","2020-09-09 00:33:51","135"
"375","x","Almacenista","Almacenista","1","2020-09-14 14:56:49","146"
"376","x","Almacenista II","AlmacenistaII","1","2020-09-14 14:57:01","146"
"377","x","Almacenista C","AlmacenistaC","1","2020-09-14 14:57:16","146"
"378","x","Lider de Grupo","LiderdeGrupo","1","2020-09-14 14:57:28","146"
"379","x","Montacarguista","Montacarguista","1","2020-09-14 14:57:40","146"
"380","x","Desarrollo Tech","DesarrolloTech","1","2020-09-16 18:16:07","147"
"382","x","Ventas","Ventas","1","2020-09-16 18:22:52","147"
"383","x","Planeacion","Planeacion","1","2020-09-17 10:40:48","11"
"384","x","Calidad","Calidad","1","2020-09-17 12:05:44","148"
"385","x","Finanzas","Finanzas","1","2020-09-17 12:05:51","148"
"386","x","Mantenimiento","Mantenimiento","1","2020-09-17 12:05:59","148"
"387","x","Materiales","Materiales","1","2020-09-17 12:06:17","148"
"388","x","Administracion y Finanzas","AdministracionyFinanzas","1","2020-09-24 16:39:45","149"
"389","x","Operaciones","Operaciones","1","2020-09-24 17:21:15","150"
"390","x","Tecnologias de la Informacion","TecnologiasdelaInformacion","1","2020-09-24 17:21:47","150"
"391","x","Administracion y Finanzas","AdministracionyFinanzas","1","2020-09-24 17:22:12","150"
"392","x","Contabilidad Interna","ContabilidadInterna","1","2020-09-24 17:22:33","150"
"393","x","Direccion General","DireccionGeneral","1","2020-09-24 17:22:54","150"
"394","x","Servicio al Cliente","ServicioalCliente","1","2020-09-28 16:21:07","151"
"395","x","Servicio al Cliente","ServicioalCliente","1","2020-09-28 16:21:24","152"
"396","x","Operaciones","Operaciones","1","2020-09-28 16:21:48","153"
"397","x","Servicio al Cliente","ServicioalCliente","1","2020-09-28 16:23:57","154"
"398","x","Contabilidad Externa","ContabilidadExterna","1","2020-09-28 16:25:41","155"
"399","x","Servicio al Cliente","ServicioalCliente","1","2020-09-28 16:26:40","156"
"400","x","Servicio al Cliente","ServicioalCliente","1","2020-09-28 16:27:33","157"
"401","x","Operaciones","Operaciones","1","2020-09-28 16:27:48","157"
"402","x","Ventas","Ventas","1","2020-09-28 16:28:10","157"
"403","x","Servicio al Cliente","ServicioalCliente","1","2020-09-28 16:28:55","158"
"404","x","Servicio al Cliente","ServicioalCliente","1","2020-09-28 16:29:34","159"
"405","x","Servicio al Cliente","ServicioalCliente","1","2020-09-28 16:30:30","160"
"406","x","Servicio al Cliente","ServicioalCliente","1","2020-09-28 16:31:52","161"
"407","x","Tecnologias de la Informacion","TecnologiasdelaInformacion","1","2020-09-28 16:33:11","162"
"408","x","Operaciones","Operaciones","1","2020-09-28 16:33:39","162"
"409","x","Auditoria Interna","AuditoriaInterna","1","2020-09-28 16:33:57","162"
"410","x","Juridico","Juridico","1","2020-09-28 16:34:14","162"
"411","x","Ventas","Ventas","1","2020-09-28 16:38:47","163"
"412","x","Administracion y Finanzas","AdministracionyFinanzas","1","2020-09-28 16:39:36","163"
"413","x","Capital Humano","CapitalHumano","1","2020-09-28 17:56:36","164"
"414","x","Recursos Humanos Externo","RecursosHumanosExterno","1","2020-09-28 17:58:03","165"
"415","x","Juridico","Juridico","1","2020-09-28 17:58:27","165"
"416","x","Operaciones","Operaciones","1","2020-09-28 17:58:48","165"
"417","x","Ventas","Ventas","1","2020-09-28 18:03:18","166"
"418","x","Servicio al Cliente","ServicioalCliente","1","2020-09-28 18:03:32","166"
"419","x","Administracion y Finanzas","AdministracionyFinanzas","1","2020-09-28 18:03:45","166"
"420","x","Operaciones","Operaciones","1","2020-09-28 18:03:57","166"
"421","x","Servicio al Cliente","ServicioalCliente","1","2020-09-29 09:01:25","167"
"422","x","Servicio al Cliente","ServicioalCliente","1","2020-09-29 09:03:37","168"
"423","x","Servicio al Cliente","ServicioalCliente","1","2020-09-29 09:04:13","169"
"424","x","Ventas","Ventas","1","2020-09-29 09:05:07","170"
"425","x","OPERACIONES","OPERACIONES","1","2020-10-02 09:42:37","187"
"426","x","PROYECTOS","PROYECTOS","1","2020-10-02 09:42:45","187"
"427","x","PRODUCCION","PRODUCCION","1","2020-10-02 09:42:50","187"
"428","x","ADMINISTRACION Y FINANZAS","ADMINISTRACIONYFINANZAS","1","2020-10-02 09:43:06","187"
"429","x","COMERCIAL","COMERCIAL","1","2020-10-02 09:43:12","187"
"430","x","DIRECCION GENERAL","DIRECCIONGENERAL","1","2020-10-02 09:43:19","187"
"431","x","ANUVA","ANUVA","1","2020-10-02 10:00:03","188"
"432","x","LIVA","LIVA","1","2020-10-02 10:00:10","188"
"433","x","BRASILIA 10","BRASILIA10","1","2020-10-02 10:00:21","188"
"434","x","HABITAT","HABITAT","1","2020-10-02 10:00:32","188"
"435","x","ATTALA","ATTALA","1","2020-10-02 10:00:40","188"
"436","x","MERCADOTECNIA","MERCADOTECNIA","1","2020-10-02 13:44:46","187"
"437","x","SANTILLANA","SANTILLANA","1","2020-10-02 13:46:31","188"
"438","x","Servicio al Cliente","ServicioalCliente","1","2020-10-08 16:06:04","189"
"439","x","Servicio al Cliente","ServicioalCliente","1","2020-10-08 16:08:27","190"
"440","x","Ingenieria","Ingenieria","1","2020-10-13 12:24:23","207"
"441","x","Manufactura","Manufactura","1","2020-10-13 12:24:44","207"
"442","x","Calidad","Calidad","1","2020-10-13 12:24:59","207"
"443","x","Logistica","Logistica","1","2020-10-13 12:25:16","207"
"444","x","Administracion","Administracion","1","2020-10-13 12:25:35","207"
"445","x","Recursos Humanos","RecursosHumanos","1","2020-10-13 12:25:47","207"
"447","x","Almacen","Almacen","1","2020-10-13 16:18:29","210"
"448","x","Decorado","Decorado","1","2020-10-13 16:18:44","210"
"449","x","Calidad","Calidad","1","2020-10-13 16:19:00","210"
"450","x","Formacion","Formacion","1","2020-10-13 16:19:22","210"
"451","x","SYCE","SYCE","1","2020-10-13 16:19:46","210"
"452","x","Equipo de Apoyo","EquipodeApoyo","1","2020-10-13 16:20:04","210"
"453","x","Decorado y Formacion","DecoradoyFormacion","1","2020-10-13 16:20:31","210"
"454","x","Diseno","Diseno","1","2020-10-13 16:20:46","210"
"455","x","TAYH","TAYH","1","2020-10-13 16:21:00","210"
"456","x","Transportacion","Transportacion","1","2020-10-13 16:21:23","210"
"457","x","Ingenieria OS","IngenieriaOS","1","2020-10-13 16:21:58","210"
"458","x","Comercial","Comercial","1","2020-10-13 16:22:18","210"
"459","x","Logistica","Logistica","1","2020-10-13 16:22:44","210"
"460","x","Gerencia","Gerencia","1","2020-10-13 16:22:52","210"
"461","x","Manufactura","Manufactura","1","2020-10-13 16:23:07","210"
"462","x","Manufactura OS","ManufacturaOS","1","2020-10-13 16:23:33","210"
"463","x","Administracion","Administracion","1","2020-10-13 16:23:55","210"
"464","x","Recursos Humanos","RecursosHumanos","1","2020-10-13 16:24:04","210"
"465","x","Comercial OS","ComercialOS","1","2020-10-13 16:25:02","210"
"466","x","Abastecimientos OS","AbastecimientosOS","1","2020-10-13 16:25:14","210"
"467","x","Ingenieria","Ingenieria","1","2020-10-13 16:28:02","208"
"468","x","Manufactura","Manufactura","1","2020-10-13 16:28:41","208"
"469","x","Calidad","Calidad","1","2020-10-13 16:28:56","208"
"470","x","Logistica","Logistica","1","2020-10-13 16:29:06","208"
"471","x","Administracion","Administracion","1","2020-10-13 16:29:29","208"
"472","x","Recursos Humanos","RecursosHumanos","1","2020-10-13 16:29:39","208"
"473","x","Elaboracion Vidrio","ElaboracionVidrio","1","2020-10-13 16:29:56","208"
"474","x","Fabricacion Envases","FabricacionEnvases","1","2020-10-13 16:30:14","208"
"475","x","Evaluacion","Evaluacion","1","2020-10-13 16:30:30","208"
"476","x","Rehabilitacion de Moldes","RehabilitaciondeMoldes","1","2020-10-13 16:30:54","208"
"477","x","Mantenimiento Maquina IS","MantenimientoMaquinaIS","1","2020-10-13 16:31:16","208"
"478","x","Aseguramiento Calidad de Vidrio","AseguramientoCalidaddeVidrio","1","2020-10-13 16:31:46","208"
"479","x","MSK","MSK","1","2020-10-13 16:32:02","208"
"480","x","Coord Mantenimiento  E y E","CoordMantenimientoEyE","1","2020-10-13 16:32:50","208"
"481","x","Paletizado","Paletizado","1","2020-10-13 16:33:10","208"
"482","x","OPSIS","OPSIS","1","2020-10-13 16:33:21","208"
"483","x","Segunda Revision","SegundaRevision","1","2020-10-13 16:33:41","208"
"484","x","Mantenimiento Planta","MantenimientoPlanta","1","2020-10-13 16:34:03","208"
"485","x","APT Orizaba","APTOrizaba","1","2020-10-13 16:34:21","208"
"486","x","APT Nogales","APTNogales","1","2020-10-13 16:34:38","208"
"487","x","Servicios Orizaba","ServiciosOrizaba","1","2020-10-13 16:34:55","208"
"488","x","Servicios Nogales","ServiciosNogales","1","2020-10-13 16:35:23","208"
"489","x","Abastecimientos","Abastecimientos","1","2020-10-13 17:58:29","211"
"490","x","Aseguramiento de la Calidad","AseguramientodelaCalidad","1","2020-10-13 17:58:53","211"
"491","x","Ingenieria","Ingenieria","1","2020-10-13 17:59:11","211"
"492","x","Logistica","Logistica","1","2020-10-13 17:59:30","211"
"493","x","Manufactura","Manufactura","1","2020-10-13 17:59:47","211"
"494","x","Gerencia","Gerencia","1","2020-10-13 18:00:06","211"
"495","x","Recursos Humanos","RecursosHumanos","1","2020-10-13 18:00:17","211"
"496","x","Gerencia","Gerencia","1","2020-10-13 18:38:20","212"
"497","x","Administracion","Administracion","1","2020-10-13 18:38:38","212"
"498","x","Calidad","Calidad","1","2020-10-13 18:38:52","212"
"499","x","Embarques","Embarques","1","2020-10-13 18:39:06","212"
"500","x","Espirales","Espirales","1","2020-10-13 18:39:23","212"
"501","x","Lavado","Lavado","1","2020-10-13 18:39:36","212"
"502","x","Logistica","Logistica","1","2020-10-13 18:39:54","212"
"503","x","Mantenimiento Plantas","MantenimientoPlantas","1","2020-10-13 18:40:09","212"
"504","x","Mantenimiento Maquinaria Pesada","MantenimientoMaquinariaPesada","1","2020-10-13 18:40:31","212"
"505","x","Minado","Minado","1","2020-10-13 18:40:45","212"
"506","x","Planta Gravera","PlantaGravera","1","2020-10-13 18:41:02","212"
"507","x","Produccion","Produccion","1","2020-10-13 18:41:21","212"
"508","x","Recursos Humanos","RecursosHumanos","1","2020-10-13 18:41:43","212"
"509","x","Secado","Secado","1","2020-10-13 18:41:59","212"
"510","x","Tratamiento Aguas","TratamientoAguas","1","2020-10-13 18:42:20","212"
"511","x","Ventas","Ventas","1","2020-10-13 18:42:38","212"
"512","x","Ingenieria","Ingenieria","1","2020-10-13 19:09:16","213"
"513","x","Manufactura","Manufactura","1","2020-10-13 19:09:31","213"
"514","x","Gerencia","Gerencia","1","2020-10-13 19:09:41","213"
"515","x","Calidad","Calidad","1","2020-10-13 19:09:56","213"
"516","x","Logistica","Logistica","1","2020-10-13 19:10:10","213"
"517","x","Administracion","Administracion","1","2020-10-13 19:10:26","213"
"518","x","Recursos Humanos","RecursosHumanos","1","2020-10-13 19:10:40","213"
"519","x","Ingenieria","Ingenieria","1","2020-10-14 14:53:53","214"
"520","x","Manufactura","Manufactura","1","2020-10-14 14:54:08","214"
"521","x","Calidad","Calidad","1","2020-10-14 14:54:26","214"
"522","x","Gerencia","Gerencia","1","2020-10-14 14:54:35","214"
"523","x","Logistica","Logistica","1","2020-10-14 14:54:50","214"
"524","x","Administracion","Administracion","1","2020-10-14 14:55:01","214"
"525","x","Recursos Humanos","RecursosHumanos","1","2020-10-14 14:55:25","214"
"528","x","Administracion","Administracion","1","2020-10-14 15:49:21","215"
"529","x","Logistica","Logistica","1","2020-10-14 15:49:35","215"
"530","x","Ventas","Ventas","1","2020-10-14 15:49:50","215"
"531","x","Manufactura","Manufactura","1","2020-10-14 15:50:07","215"
"532","x","Informatica","Informatica","1","2020-10-14 15:50:24","215"
"533","x","Ingenieria","Ingenieria","1","2020-10-14 15:50:42","215"
"534","x","Finanzas y Administracion","FinanzasyAdministracion","1","2020-10-14 15:51:10","215"
"535","x","Recursos Humanos","RecursosHumanos","1","2020-10-14 15:51:26","215"
"536","x","Abastecimientos","Abastecimientos","1","2020-10-14 15:51:45","215"
"537","x","Direccion","Direccion","1","2020-10-14 15:52:30","215"
"538","x","Gerencia","Gerencia","1","2020-10-14 16:47:51","194"
"539","x","Recursos Humanos","RecursosHumanos","1","2020-10-14 16:48:04","194"
"540","x","Administracion","Administracion","1","2020-10-14 16:48:14","194"
"541","x","Logistica","Logistica","1","2020-10-14 16:48:25","194"
"542","x","Manufactura","Manufactura","1","2020-10-14 16:48:36","194"
"543","x","Ventas","Ventas","1","2020-10-14 16:48:45","194"
"544","x","Empaque","Empaque","1","2020-10-14 16:49:23","194"
"545","x","Calidad","Calidad","1","2020-10-14 16:49:32","194"
"546","x","Litografia","Litografia","1","2020-10-14 16:49:47","194"
"547","x","Prensas","Prensas","1","2020-10-14 16:55:07","194"
"548","x","Ensamble Aerosol","EnsambleAerosol","1","2020-10-14 16:55:22","194"
"549","x","Ensamble Alimentos","EnsambleAlimentos","1","2020-10-14 16:55:43","194"
"550","x","Taller Electrico","TallerElectrico","1","2020-10-14 16:57:35","194"
"551","x","Mantenimiento Servicios","MantenimientoServicios","1","2020-10-14 16:58:23","194"
"552","x","Direccion","Direccion","1","2020-10-14 17:37:03","217"
"553","x","Marketing","Marketing","1","2020-10-14 17:37:14","217"
"555","x","Produccion","Produccion","1","2020-10-14 17:38:20","218"
"556","x","Empaque","Empaque","1","2020-10-14 17:38:29","218"
"559","x","VENTAS","VENTAS","1","2020-10-24 18:59:34","221"
"560","x","CREDITO Y COBRANZA","CREDITOYCOBRANZA","1","2020-10-24 19:00:01","221"
"562","x","Area Central Controles de Cambio","AreaCentralControlesdeCambio","1","2020-11-03 13:03:29","222"
"563","x","Area Central Soporte","AreaCentralSoporte","1","2020-11-03 13:03:40","222"
"564","x","Proyecto NMP","ProyectoNMP","1","2020-11-03 13:03:50","222"
"565","x","Proyectos USA","ProyectosUSA","1","2020-11-03 13:04:04","222"
"566","x","Infraestructura","Infraestructura","1","2020-11-03 13:04:12","222"
"567","x","Equipo Vortem","EquipoVortem","1","2020-11-03 13:04:25","222"
"568","x","Proyectos Mexico","ProyectosMexico","1","2020-11-03 13:04:36","222"
"569","x","Finanzas","Finanzas","1","2020-11-05 11:57:05","223"
"571","x","Producto","Producto","1","2020-11-05 11:57:29","223"
"572","x","Directiva","Directiva","1","2020-11-05 11:57:37","223"
"574","x","Comms","Comms","1","2020-11-05 11:57:54","223"
"575","x","Marketing","Marketing","1","2020-11-05 11:58:04","223"
"576","x","Business Development","BusinessDevelopment","1","2020-11-05 12:00:04","223"
"577","x","Operaciones","Operaciones","1","2020-11-05 12:00:11","223"
"578","x","IT","IT","1","2020-11-05 12:00:18","223"
"579","x","Limpieza","Limpieza","1","2020-11-05 12:00:43","223"
"581","x","People and Culture","PeopleandCulture","1","2020-11-05 12:56:04","223"
"582","x","Docentes","Docentes","1","2020-11-19 17:42:26","224"
"583","x","Administrativo ","Administrativo","1","2020-11-19 17:42:39","224"
"584","x","417 VENTAS","417VENTAS","1","2020-11-24 14:07:08","234"
"585","x","650 COMPRAS","650COMPRAS","1","2020-11-24 14:07:34","234"
"586","x","651 ALMACEN","651ALMACEN","1","2020-11-24 14:07:56","234"
"587","x","652 VENTAS","652VENTAS","1","2020-11-24 14:08:07","234"
"588","x","653 VENTAS","653VENTAS","1","2020-11-24 14:11:39","234"
"589","x","654 VENTAS","654VENTAS","1","2020-11-24 14:11:50","234"
"590","x","655 VENTAS","655VENTAS","1","2020-11-24 14:12:06","234"
"591","x","656 VENTAS","656VENTAS","1","2020-11-24 14:12:15","234"
"592","x","657 VENTAS","657VENTAS","1","2020-11-24 14:12:32","234"
"593","x","658 VENTAS","658VENTAS","1","2020-11-24 14:12:41","234"
"594","x","659 VENTAS","659VENTAS","1","2020-11-24 14:12:54","234"
"595","x","660 COMPRAS","660COMPRAS","1","2020-11-24 14:13:07","234"
"596","x","662 RD","662RD","1","2020-11-24 14:13:48","234"
"597","x","700 VENTAS","700VENTAS","1","2020-11-24 14:14:00","234"
"598","x","702 VENTAS","702VENTAS","1","2020-11-24 14:14:09","234"
"599","x","703 VENTAS","703VENTAS","1","2020-11-24 14:14:20","234"
"600","x","850 ADMINISTRACION","850ADMINISTRACION","1","2020-11-24 14:14:29","234"
"601","x","130 Mantenimiento","130Mantenimiento","1","2020-11-24 14:22:57","235"
"602","x","250 Mano de Obra","250ManodeObra","1","2020-11-24 14:23:07","235"
"603","x","260 Control de Calidad PT","260ControldeCalidadPT","1","2020-11-24 14:23:22","235"
"604","x","310 Admon de la Produccion","310AdmondelaProduccion","1","2020-11-24 14:23:38","235"
"605","x","420 Admon de la Calidad","420AdmondelaCalidad","1","2020-11-24 14:23:50","235"
"606","x","510 Compras","510Compras","1","2020-11-24 14:24:01","235"
"607","x","520 Almacen MP","520AlmacenMP","1","2020-11-24 14:24:10","235"
"608","x","620 Finanzas y Contabilidad","620FinanzasyContabilidad","1","2020-11-24 14:24:21","235"
"609","x","630 Recursos Humanos","630RecursosHumanos","1","2020-11-24 14:24:33","235"
"610","x","660 Gerencia Financiera","660GerenciaFinanciera","1","2020-11-24 14:24:45","235"
"611","x","700 Gerencia General","700GerenciaGeneral","1","2020-11-24 14:24:55","235"
"612","x","701 Queretaro","701Queretaro","1","2020-11-24 14:25:05","235"
"613","x","710 Compresores","710Compresores","1","2020-11-24 14:25:16","235"
"614","x","711 Servicio al Cliente","711ServicioalCliente","1","2020-11-24 14:25:25","235"
"615","x","714 Logistica","714Logistica","1","2020-11-24 14:25:38","235"
"616","x","741 DF Noreste y Sur","741DFNoresteySur","1","2020-11-24 14:25:48","235"
"617","x","742 Cementos","742Cementos","1","2020-11-24 14:25:57","235"
"618","x","743 Gerencia Regional AUT Y GBT","743GerenciaRegionalAUTYGBT","1","2020-11-24 14:26:09","235"
"619","x","744 Bajio","744Bajio","1","2020-11-24 14:26:19","235"
"620","x","745 Acero","745Acero","1","2020-11-24 14:26:28","235"
"621","x","746 Monterrey","746Monterrey","1","2020-11-24 14:26:37","235"
"622","x","748 Toluca","748Toluca","1","2020-11-24 14:26:46","235"
"623","x","750 Servicio Tecnico Cemento","750ServicioTecnicoCemento","1","2020-11-24 14:27:02","235"
"624","x","751 Guanajuato","751Guanajuato","1","2020-11-24 14:27:10","235"
"625","x","752 Monterrey 2","752Monterrey2","1","2020-11-24 14:27:19","235"
"626","x","753 Gerencia de Mercadotecnia","753GerenciadeMercadotecnia","1","2020-11-24 14:27:27","235"
"627","x","757 GBT Automotriz","757GBTAutomotriz","1","2020-11-24 14:27:39","235"
"628","x","758 Puebla","758Puebla","1","2020-11-24 14:27:49","235"
"629","x","759 Gerencia Ingenieria de Aplicaciones","759GerenciaIngenieriadeAplicaciones","1","2020-11-24 14:28:00","235"
"630","x","761 Alimentos","761Alimentos","1","2020-11-24 14:28:08","235"
"631","x","762 Gerencia Reg Zona Centro  Sur","762GerenciaRegZonaCentroSur","1","2020-11-24 14:28:18","235"
"632","x","763 Gerencia Reg Zona CentroNorte","763GerenciaRegZonaCentroNorte","1","2020-11-24 14:28:27","235"
"633","x","777 Saltillo","777Saltillo","1","2020-11-24 14:28:39","235"
"634","x","780 GBT Rodamientos","780GBTRodamientos","1","2020-11-24 14:28:46","235"
"635","x","800 Surtec","800Surtec","1","2020-11-24 14:29:08","235"
"636","x","900 Capol","900Capol","1","2020-11-24 14:29:17","235"
"637","x","Logistica","Logistica","1","2020-11-25 10:22:51","12"
"638","x","Direccion","Direccion","1","2020-11-25 10:26:31","236"
"639","x","Produccion","Produccion","1","2020-11-25 10:26:48","236"
"640","x","Sucursales","Sucursales","1","2020-11-25 10:33:29","12"
"641","x","Telemarketing","Telemarketing","1","2020-11-25 10:33:39","12"
"642","x","Contabilidad","Contabilidad","1","2020-11-25 10:34:31","12"
"643","x","Direccion","Direccion","1","2020-11-25 10:34:40","12"
"644","x","Planeacion","Planeacion","1","2020-11-25 10:34:50","12"
"645","x","Produccion","Produccion","1","2020-11-25 10:34:58","12"
"646","x","RRHH","RRHH","1","2020-11-25 10:35:06","12"
"647","x","APT Nogales","APTNogales","1","2020-11-26 13:38:00","245"
"648","x","Servicios Nogales","ServiciosNogales","1","2020-11-26 13:38:13","245"
"649","x","Direccion","Direccion","1","2020-12-08 11:32:23","257"
"650","x","Contabilidad","Contabilidad","1","2020-12-08 11:32:32","257"
"652","x","Direccion","Direccion","1","2020-12-09 12:50:40","258"
"653","x","Finanzas","Finanzas","1","2020-12-09 12:51:15","258"
"654","x","Operaciones","Operaciones","1","2020-12-09 12:51:24","258"
"655","x","Comercial","Comercial","1","2020-12-09 12:51:32","258"
"656","x","Control interno","Controlinterno","1","2020-12-09 12:54:02","258"
"658","x","Credito","Credito","1","2020-12-09 12:54:31","258"
"659","x","Otro","Otro","1","2020-12-09 12:54:38","258"
"660","x","Serigrafia","Serigrafia","1","2020-12-11 16:25:36","259"
"661","x","Sellado","Sellado","1","2020-12-11 16:25:44","259"
"662","x","Grabado ","Grabado","1","2020-12-11 16:25:55","259"
"663","x","Almacen","Almacen","1","2020-12-11 16:26:55","259"
"664","x","Empaque","Empaque","1","2020-12-11 16:27:02","259"
"665","x","DistribucionChoferes","DistribucionChoferes","1","2020-12-11 16:27:24","259"
"666","x","Administracion","Administracion","1","2020-12-11 16:27:35","259"
"667","x","Ventas ","Ventas","1","2020-12-11 16:27:42","259"
"668","x","Gerentes","Gerentes","1","2020-12-11 16:28:03","259"
"669","x","Diseno","Diseno","1","2020-12-11 16:28:09","259"
"671","x","Recepcion","Recepcion","1","2020-12-14 12:16:04","294"
"672","x","Ventas O","VentasO","1","2020-12-14 12:16:18","294"
"673","x","Camaristas","Camaristas","1","2020-12-14 12:16:27","294"
"674","x","Intendencia","Intendencia","1","2020-12-14 12:21:56","294"
"675","x","Compras","Compras","1","2020-12-14 12:22:13","294"
"676","x","Sistemas","Sistemas","1","2020-12-14 12:22:24","294"
"677","x","Recursos Humanos","RecursosHumanos","1","2020-12-14 12:22:47","294"
"678","x","Contabilidad","Contabilidad","1","2020-12-14 12:23:14","294"
"679","x","Ama de LLaves","AmadeLLaves","1","2020-12-14 12:23:22","294"
"680","x","Lavanderia","Lavanderia","1","2020-12-14 12:42:29","294"
"681","x","Mantenimiento","Mantenimiento","1","2020-12-14 12:42:44","294"
"682","x","Seguridad","Seguridad","1","2020-12-14 12:43:56","294"
"684","x","Ventas ","Ventas","1","2020-12-14 12:45:26","296"
"685","x","Servicio","Servicio","1","2020-12-14 12:45:42","296"
"686","x","Intencencia I","IntencenciaI","1","2020-12-14 12:45:55","296"
"687","x","Servicio I","ServicioI","1","2020-12-14 12:46:08","296"
"688","x","Lavanderia I","LavanderiaI","1","2020-12-14 12:46:18","296"
"689","x","Contabilidad I","ContabilidadI","1","2020-12-14 12:47:01","296"
"690","x","Seguridad I","SeguridadI","1","2020-12-14 12:47:35","296"
"691","x","Cocina","Cocina","1","2020-12-14 12:47:56","296"
"694","x","Cocina I","CocinaI","1","2020-12-14 12:49:11","296"
"695","x","Administracion","Administracion","1","2021-01-16 10:58:18","300"
"696","x","Desarrolladores","Desarrolladores","1","2021-01-16 10:58:30","300"
"697","x","Disenadores","Disenadores","1","2021-01-18 10:04:57","300"
"698","x","Direccion de Operaciones","DirecciondeOperaciones","1","2021-02-15 20:49:30","301"
"699","x","Direccion de Administracion y Finanzas","DirecciondeAdministracionyFinanzas","1","2021-02-15 20:49:52","301"
"701","x","Direccion BIS Bussines Information Solutions","DireccionBISBussinesInformationSolutions","1","2021-02-15 20:52:13","301"
"702","x","Gerencia RH","GerenciaRH","1","2021-02-15 20:52:49","301"
"703","x","Direccion Marketing y Comercial","DireccionMarketingyComercial","1","2021-02-15 20:53:45","301"
"704","x","Logistica","Logistica","1","2021-02-15 20:57:35","302"
"705","x","Compras","Compras","1","2021-02-15 20:58:01","302"
"706","x","Proyectos","Proyectos","1","2021-02-15 20:58:34","302"
"707","x","Incidencias","Incidencias","1","2021-02-15 21:54:47","302"
"708","x","Produccion y Pedidos","ProduccionyPedidos","1","2021-02-15 21:55:14","302"
"709","x","Contact Center","ContactCenter","1","2021-02-15 21:56:05","302"
"710","x","Procesos","Procesos","1","2021-02-15 21:58:29","302"
"711","x","Contabilidad","Contabilidad","1","2021-02-15 22:00:05","303"
"712","x","Legal","Legal","1","2021-02-15 22:00:26","303"
"713","x","GAS Gerente Administrativo de Sucursal","GASGerenteAdministrativodeSucursal","1","2021-02-15 22:01:27","303"
"714","x","Nomina","Nomina","1","2021-02-15 22:01:39","303"
"715","x","Costos","Costos","1","2021-02-15 22:01:47","303"
"718","x","PMO","PMO","1","2021-02-15 22:04:11","304"
"719","x","Gerencia de Cuentas Nacional","GerenciadeCuentasNacional","1","2021-02-15 22:06:24","304"
"720","x","Gerencia de Nuevos Negocios","GerenciadeNuevosNegocios","1","2021-02-15 22:06:54","304"
"721","x","Gerencia de Programas","GerenciadeProgramas","1","2021-02-15 22:07:44","304"
"722","x","Gerencia Nacional de Programas","GerenciaNacionaldeProgramas","1","2021-02-15 22:09:07","304"
"723","x","Centro y Diseno Creativo","CentroyDisenoCreativo","1","2021-02-15 22:10:09","304"
"725","x","Otro","Otro","1","2021-02-15 22:38:57","304"
"734","x","ADVENTA Administracion y Finanzas","ADVENTAAdministracionyFinanzas","1","2021-02-16 17:05:06","308"
"735","x","ADVENTA BIS Bussines Information Solutions","ADVENTABISBussinesInformationSolutions","1","2021-02-16 17:05:36","308"
"736","x","ADVENTA Direccion","ADVENTADireccion","1","2021-02-16 17:06:05","308"
"737","x","ADVENTA Operaciones","ADVENTAOperaciones","1","2021-02-16 17:06:32","308"
"738","x","ADVENTA RH","ADVENTARH","1","2021-02-16 17:07:16","308"
"739","x","ADVENTA Marketing y Comercial","ADVENTAMarketingyComercial","1","2021-02-16 17:19:45","308"
"740","x","Linea produccion 1","Lineaproduccion1","1","2021-02-24 09:19:42","256"
"741","x","ALMACEN","ALMACEN","1","2021-03-22 14:43:16","310"
"742","x","PISO DE TIENDA","PISODETIENDA","1","2021-03-22 14:43:23","310"
"743","x","OFICINA","OFICINA","1","2021-03-22 14:43:31","310"
"744","x","MEJORA CONTINUA","MEJORACONTINUA","1","2021-03-23 17:27:18","309"
"745","x","COMERCIAL","COMERCIAL","1","2021-03-23 17:27:43","309"
"746","x","PLANEACION ESTRATEGICA ","PLANEACIONESTRATEGICA","1","2021-03-23 17:28:12","309"
"747","x","RECURSOS FINANCIEROS Y TECNOLOGICOS  ","RECURSOSFINANCIEROSYTECNOLOGICOS","1","2021-03-23 17:29:06","309"
"748","x","ADMINISTRACION Y SEGUIMIENTO DEL PERSONAL ","ADMINISTRACIONYSEGUIMIENTODELPERSONAL","1","2021-03-23 17:29:44","309"
"749","x","ADQUISICION Y CONTROL DE PRODUCTOS","ADQUISICIONYCONTROLDEPRODUCTOS","1","2021-03-23 17:30:08","309"
"750","x","MANTENIMIENTO E INGENIERIA DE PROYECTOS","MANTENIMIENTOEINGENIERIADEPROYECTOS","1","2021-03-23 17:30:38","309"
"751","x","PLANEACION Y ENTREGAS","PLANEACIONYENTREGAS","1","2021-03-23 17:31:06","309"
"752","x","PRODUCCION EN PROCESO","PRODUCCIONENPROCESO","1","2021-03-23 17:31:40","309"
"753","x","PRODUCCION DE QUIMICOS Y GRANELES","PRODUCCIONDEQUIMICOSYGRANELES","1","2021-03-23 17:37:14","309"
"754","x","PRODUCTO TERMINADO ENVASADO Y EMPAQUETADO EXPORTACION","PRODUCTOTERMINADOENVASADOYEMPAQUETADOEXPORTACION","1","2021-03-23 17:40:07","309"
"755","x","PRODUCTO TERMINADO ENVASADO Y EMPAQUETADO NACIONAL","PRODUCTOTERMINADOENVASADOYEMPAQUETADONACIONAL","1","2021-03-23 17:41:43","309"
"756","x","ADMINISTRACION","ADMINISTRACION","1","2021-03-25 16:04:21","311"
"757","x","BODEGA","BODEGA","1","2021-03-25 16:04:29","311"
"761","x","MANTENIMIENTO","MANTENIMIENTO","1","2021-03-26 10:28:43","311"
"762","x","ORDENA","ORDENA","1","2021-03-26 10:29:01","311"
"763","x","PREVENCION","PREVENCION","1","2021-03-26 10:29:08","311"
"774","x","AGRICULTURA","AGRICULTURA","1","2021-03-26 10:35:21","311"
"776","x","Direccion","Direccion","1","2021-04-06 10:00:19","312"
"777","x","Desarrollo","Desarrollo","1","2021-04-06 10:00:30","312"
"778","x","Software","Software","1","2021-04-06 10:01:46","312"
"779","x","Kinder","Kinder","1","2021-04-07 12:05:16","317"
"780","x","Middle School","MiddleSchool","1","2021-04-07 12:05:29","317"
"781","x","Elementary School","ElementarySchool","1","2021-04-07 12:05:37","317"
"782","x","High School","HighSchool","1","2021-04-07 12:05:50","317"
"783","x","After School","AfterSchool","1","2021-04-07 12:42:55","317"
"784","x","Operaciones","Operaciones","1","2021-04-07 12:43:51","317"
"785","x","Administracion","Administracion","1","2021-04-07 12:44:07","317"
"786","x","Ama de Llaves","AmadeLlaves","1","2021-04-07 12:47:34","318"
"787","x","Mantenimiento","Mantenimiento","1","2021-04-07 12:48:06","318"
"788","x","Alimentos y Bebidas","AlimentosyBebidas","1","2021-04-07 12:48:41","318"
"789","x","Seguridad y Areas Publicas","SeguridadyAreasPublicas","1","2021-04-07 12:49:28","318"
"790","x","Recepcion y Ventas","RecepcionyVentas","1","2021-04-07 12:50:02","318"
"791","x","Comercial y MKT","ComercialyMKT","1","2021-04-07 12:50:33","318"
"792","x","Direccion","Direccion","1","2021-04-07 12:51:02","318"
"793","x","Contraloria","Contraloria","1","2021-04-07 12:51:27","318"
