"Id_Registro","Id_Sesion","Email","Nombre","Feedback","FechaRegistro"
"6","1","user@sus.com","C786AB55-12AC-5776-B60D-97B5124FCA2E","7/3/2/8","2020-11-20 02:56:10"
"7","1","user@sus.com","22E15A07-164E-479F-8988-B22CD6CE52D0","7/1/3/7","2020-11-20 03:48:38"
"8","1","user@sus.com","22E15A07-164E-479F-8988-B22CD6CE52D0","8/5/3/6","2020-11-20 04:04:59"
"9","1","user@sus.com","abaec1a0c6eadf66f7a8d62c05b407ce","6/1/4/9","2020-11-20 12:01:44"
"10","1","user@sus.com","9647b22ad9e4e1e9377782190a26a0fe","8/3/6/8","2020-11-23 11:42:13"
"11","1","user@sus.com","72b598d8d7c90eb0a235576fe848a1ae","3/2/7/7","2020-11-23 17:40:22"
"12","1","user@sus.com","7F32303D-5554-44A4-A529-390DB5F61B3F","5/3/5/3","2020-11-23 17:41:19"
"13","1","user@sus.com","9647b22ad9e4e1e9377782190a26a0fe","8/4/6/6","2020-11-23 17:41:49"
"14","1","user@sus.com","840404A5-91AB-4D57-BFAB-27196431AA48","5/9/7/2","2020-11-23 17:42:29"
"15","1","user@sus.com","9B153333-559D-4FA3-9737-DC3A376BA39B","2/1/8/8","2020-11-23 17:42:35"
"16","1","user@sus.com","e5e4ec9e44b9afb637aec3b98bf2d97d","9/9/8/6","2020-11-23 17:42:48"
"17","1","user@sus.com","80bab71849aa9972467483b8b39a319a","4/2/7/8","2020-11-23 17:42:51"
"18","1","user@sus.com","B734F0AE-DF5A-4844-B793-01C217680E3E","4/1/7/7","2020-11-23 17:43:11"
"19","1","user@sus.com","AF2AC631-16D3-49AA-86B2-8AF59B4A5A82","5/2/6/8","2020-11-23 17:43:17"
"20","1","user@sus.com","4CB30A50-9D95-4F68-80DC-AAF930C62CCB","7/9/9/1","2020-11-23 17:43:31"
"21","1","user@sus.com","4c9df46c10828f286b11b95d5394eede","4/2/4/1","2020-11-23 17:44:23"
"22","1","user@sus.com","9AE0EB43-1853-4258-AA67-9CD9B1060AA9","6/3/8/8","2020-11-23 17:44:27"
"23","1","user@sus.com","62e5a01474758b80897e473e9a17ada8","3/1/9/9","2020-11-23 17:44:34"
"24","1","user@sus.com","72E8E803-690D-473E-A549-73923B2201EE","6/3/4/6","2020-11-23 17:44:37"
"25","1","user@sus.com","26584D49-9BC2-4181-AB28-9515B935B614","6/6/7/7","2020-11-23 17:44:39"
"26","1","user@sus.com","18437D19-88A6-4185-BE2E-58BF9EC5CD0A","3/2/9/9","2020-11-23 17:44:41"
"27","1","user@sus.com","C2D3DBA0-D6E8-4E29-9B2F-E610CB341CC8","8/5/6/8","2020-11-23 17:45:04"
"28","1","user@sus.com","E411B826-D3ED-4F0A-B8B2-6A0A36EA8C30","5/2/8/9","2020-11-23 17:45:06"
"29","1","user@sus.com","66EEA8E8-009F-410B-8395-FFD26FA77E51","3/6/8/6","2020-11-23 17:45:54"
"30","1","user@sus.com","6971306C-5656-4505-937E-EC1551F477C2","8/5/7/8","2020-11-23 17:46:07"
"31","1","user@sus.com","40d46bc8ad4c5c583768239117ea169d","6/1/8/5","2020-11-23 17:46:26"
"32","1","user@sus.com","8CE224D1-A47E-4389-9166-4593FC3EC073","8/2/8/9","2020-11-23 17:46:32"
"33","1","user@sus.com","19d8277fef532bec8de1367795ba9055","6/5/7/8","2020-11-23 17:46:35"
"34","1","user@sus.com","81B4A15A-E976-42FE-BC87-8E44B70EFC03","4/3/9/9","2020-11-23 17:46:36"
"35","1","user@sus.com","78218E4C-BF42-4CBD-ADE9-8109556022FA","8/6/9/9","2020-11-23 17:46:37"
"36","1","user@sus.com","57f747aef5799b1ab0bff658426224b7","9/9/4/4","2020-11-23 17:47:36"
"37","1","user@sus.com","24B96ED9-0640-4418-AA7B-23B8965A475F","6/4/6/7","2020-11-23 17:47:39"
"38","1","user@sus.com","ECA09D77-31C5-4B3C-8238-B83C4B9F1E99","7/7/4/4","2020-11-23 17:47:39"
"39","1","user@sus.com","D842BD20-3EA1-4AD0-8B42-D07B4809642E","4/1/7/8","2020-11-23 17:47:49"
"40","1","user@sus.com","B8498DE6-0139-4C68-BCA5-2FAC9F57897D","3/2/8/9","2020-11-23 17:47:50"
"41","1","user@sus.com","0AE6E5ED-7EC7-40C2-867E-8CE36537F00A","4/3/6/9","2020-11-23 17:47:58"
"42","1","user@sus.com","da6b975e0b81f75db900225b8144b235","7/4/6/7","2020-11-23 17:48:12"
"43","1","user@sus.com","02A9AE6B-9183-45D5-BC57-979B7E276F40","6/3/9/9","2020-11-23 17:48:32"
"44","1","user@sus.com","8909D239-E53A-4A1D-B762-F09E2CFF26F5","8/2/7/7","2020-11-23 17:48:36"
"45","1","user@sus.com","CEB988A7-4BB9-4990-BB2E-4B43B97D8124","9/3/6/5","2020-11-23 17:48:48"
"46","1","user@sus.com","802300CA-E29A-41E2-89CC-6472DD9B035E","3/1/9/9","2020-11-23 17:49:06"
"47","1","user@sus.com","63b50735f9d878f3a7bebf7a90df798c","9/9/6/4","2020-11-23 17:49:21"
"48","1","user@sus.com","89FE7D4E-F1F8-44BD-8FDA-7B814A9396D2","4/3/9/9","2020-11-23 17:49:22"
"49","1","user@sus.com","f23cc6510587084207b16932ecf233b6","5/2/5/9","2020-11-23 17:49:32"
"50","1","user@sus.com","B87FFB49-E0EC-4674-9CAA-A409B79541B5","4/4/4/1","2020-11-23 17:49:44"
"51","1","user@sus.com","FB024065-99ED-420D-A049-C1BAB46D167B","8/5/7/5","2020-11-23 17:49:50"
"52","1","user@sus.com","7AB59520-C671-4E1C-B55C-D8EB67CB6651","6/5/9/9","2020-11-23 17:50:00"
"53","1","user@sus.com","73D91DE9-8F4C-4DB2-890A-99AD0757E015","4/3/8/8","2020-11-23 17:50:17"
"54","1","user@sus.com","fd54b0691b3725de24b76dd984a58642","4/3/9/9","2020-11-23 17:50:26"
"55","1","user@sus.com","73875DEB-BE8F-4D75-AAEB-EFBEFD19EBE8","6/3/7/8","2020-11-23 17:50:56"
"56","1","user@sus.com","5a7ac176a907c550400eca105dba9be7","2/1/6/7","2020-11-23 17:50:57"
"57","1","user@sus.com","89636B85-9070-413A-ACCA-E6FA5D8BCB4D","5/2/8/7","2020-11-23 17:51:04"
"58","1","user@sus.com","094A242B-004B-4E55-8F66-3BAA87862669","9/9/9/9","2020-11-23 17:51:05"
"59","1","user@sus.com","e99b78caeafced5d06a98e8ef630c0bb","5/2/4/7","2020-11-23 17:51:06"
"60","1","user@sus.com","C43139BD-4EAB-40E9-A665-CE2CD66B73F2","6/7/6/9","2020-11-23 17:51:27"
"61","1","user@sus.com","81B4A15A-E976-42FE-BC87-8E44B70EFC03","5/2/7/9","2020-11-23 17:51:37"
"62","1","user@sus.com","86076940-404D-4FA1-8DE4-365F166E30C1","6/6/8/2","2020-11-23 17:52:16"
"63","1","user@sus.com","3e7611fca9fc5d7ee5a7bb07050e9586","9/5/9/9","2020-11-23 17:52:23"
"64","1","user@sus.com","3D910C4D-C62D-4371-92BF-72D272FAED09","4/1/7/9","2020-11-23 17:52:50"
"65","1","user@sus.com","3e7611fca9fc5d7ee5a7bb07050e9586","5/7/9/8","2020-11-23 17:54:58"
"66","1","user@sus.com","FB024065-99ED-420D-A049-C1BAB46D167B","8/9/1/9","2020-11-23 17:57:25"
"67","1","user@sus.com","3e7611fca9fc5d7ee5a7bb07050e9586","5/2/9/9","2020-11-23 17:59:37"
"68","1","user@sus.com","8909D239-E53A-4A1D-B762-F09E2CFF26F5","2/1/6/9","2020-11-23 17:59:38"
"69","1","user@sus.com","81B4A15A-E976-42FE-BC87-8E44B70EFC03","3/2/9/8","2020-11-23 18:00:22"
"70","1","user@sus.com","57f747aef5799b1ab0bff658426224b7","7/8/9/9","2020-11-23 18:01:54"
"71","1","user@sus.com","5CD97EE3-95A5-43D2-9F9D-6FDEF39BD3DF","3/3/7/8","2020-11-23 18:03:32"
"72","1","user@sus.com","8BECFA9B-74B1-4042-B3DF-1C1503426CDB","3/2/9/9","2020-11-23 18:04:17"
"73","1","user@sus.com","9588AC96-8FE7-4D9D-84BD-521DADE9BCB9","6/8/7/9","2020-11-23 18:04:52"
"74","1","user@sus.com","81B4A15A-E976-42FE-BC87-8E44B70EFC03","3/5/7/5","2020-11-23 18:05:50"
"75","1","user@sus.com","7BEB5410-C3B3-4CE9-A090-D1EDC01E8C89","6/1/5/9","2020-11-23 18:07:38"
"76","1","user@sus.com","8909D239-E53A-4A1D-B762-F09E2CFF26F5","4/9/2/3","2020-11-23 18:09:49"
"77","1","user@sus.com","02FEF9B8-501D-424E-9AF3-4ED537DED7C6","6/9/6/1","2020-11-23 18:09:52"
"78","1","user@sus.com","0ff8e4426b401562865b7e7eeb70b22a","7/4/5/8","2020-11-23 18:13:30"
"79","1","user@sus.com","73615F33-32A5-44CE-8F98-063B950E979C","3/7/7/5","2020-11-23 18:14:27"
"80","1","user@sus.com","83A6EC64-35C6-4D59-AEF6-77F3B1F299E7","3/1/9/9","2020-11-23 18:17:08"
"81","1","user@sus.com","3ADEB37E-F029-4A8E-8173-5D207C71B372","2/1/9/9","2020-11-23 18:24:58"
"82","1","user@sus.com","14DB2AC0-7C85-4691-A13F-2F076735DFE1","5/6/8/8","2020-11-23 18:28:26"
"83","1","user@sus.com","14DB2AC0-7C85-4691-A13F-2F076735DFE1","6/4/7/8","2020-11-23 18:41:21"
"84","1","user@sus.com","14DB2AC0-7C85-4691-A13F-2F076735DFE1","9/2/4/9","2020-11-23 18:47:48"
"85","1","user@sus.com","da6b975e0b81f75db900225b8144b235","9/7/5/7","2020-11-23 18:51:22"
"86","1","user@sus.com","73875DEB-BE8F-4D75-AAEB-EFBEFD19EBE8","6/1/6/6","2020-11-23 19:09:41"
"87","1","user@sus.com","81B4A15A-E976-42FE-BC87-8E44B70EFC03","4/3/6/9","2020-11-23 19:13:12"
"88","1","user@sus.com","DD34CB5A-6C64-42C2-A722-80E96CC84B1E","5/3/5/8","2020-11-23 19:13:31"
"89","1","user@sus.com","81B4A15A-E976-42FE-BC87-8E44B70EFC03","3/3/4/9","2020-11-23 19:17:52"
"90","1","user@sus.com","9647b22ad9e4e1e9377782190a26a0fe","8/3/4/9","2020-11-23 19:28:34"
"91","1","user@sus.com","0092aac6928712a893053a1d30e0a6d0","4/8/8/5","2020-11-23 19:29:58"
"92","1","user@sus.com","0092aac6928712a893053a1d30e0a6d0","9/2/2/8","2020-11-23 19:35:49"
"93","1","user@sus.com","B7DF768F-5E23-4B71-B915-B3C3CC398988","6/6/7/8","2020-11-23 20:24:29"
"94","1","user@sus.com","40d46bc8ad4c5c583768239117ea169d","9/4/9/8","2020-11-23 20:34:17"
"95","1","user@sus.com","D04807DA-79C2-4D4F-B078-EE172F41FF74","7/7/5/7","2020-11-23 22:20:00"
"96","1","user@sus.com","A82115DF-10B5-4AD6-8D91-A74AA253ADCF","3/8/5/7","2020-11-23 22:24:40"
"97","1","user@sus.com","b09db1be3442ead8631806ec60fdb3d5","5/3/6/5","2020-11-23 22:35:34"
"98","1","user@sus.com","CC61434A-63F6-4416-B97F-60A4462ABD6B","6/5/6/5","2020-11-23 22:49:52"
"99","1","user@sus.com","e99b78caeafced5d06a98e8ef630c0bb","6/3/4/7","2020-11-24 17:47:15"
"100","1","user@sus.com","40933fd559ec24be22c6124acb268ca1","4/3/7/7","2020-11-24 17:47:34"
"101","1","user@sus.com","9647b22ad9e4e1e9377782190a26a0fe","8/4/6/8","2020-11-24 17:47:51"
"102","1","user@sus.com","9B153333-559D-4FA3-9737-DC3A376BA39B","2/2/7/7","2020-11-24 17:47:53"
"103","1","user@sus.com","DD34CB5A-6C64-42C2-A722-80E96CC84B1E","3/1/6/8","2020-11-24 17:47:55"
"104","1","user@sus.com","4BBC2EAB-1027-45C7-BD79-82A2F567F271","4/3/8/8","2020-11-24 17:48:14"
"105","1","user@sus.com","AF2AC631-16D3-49AA-86B2-8AF59B4A5A82","6/3/5/8","2020-11-24 17:48:25"
"106","1","user@sus.com","9AE0EB43-1853-4258-AA67-9CD9B1060AA9","4/2/8/8","2020-11-24 17:48:30"
"107","1","user@sus.com","AF64E299-5117-4536-BCB0-969256D72550","4/1/8/9","2020-11-24 17:48:47"
"108","1","user@sus.com","DA71C19D-B10F-45E6-9EF9-2D0C7CAAEC0D","7/3/8/9","2020-11-24 17:49:07"
"109","1","user@sus.com","D7F3CA2F-1660-487E-8F4E-6302165ECA87","2/8/6/3","2020-11-24 17:49:10"
"110","1","user@sus.com","ECA09D77-31C5-4B3C-8238-B83C4B9F1E99","3/3/6/6","2020-11-24 17:49:11"
"111","1","user@sus.com","0AE6E5ED-7EC7-40C2-867E-8CE36537F00A","6/6/7/9","2020-11-24 17:49:28"
"112","1","user@sus.com","adfa84f7e0a6798541e06dcebe4eefe6","9/4/6/8","2020-11-24 17:49:42"
"113","1","user@sus.com","7AB59520-C671-4E1C-B55C-D8EB67CB6651","8/7/7/7","2020-11-24 17:49:43"
"114","1","user@sus.com","BA080767-FFDF-4743-85A1-D70CAEC54291","2/2/7/9","2020-11-24 17:49:52"
"115","1","user@sus.com","473e1e9d437aa5fe530bdad0cdd74979","5/7/5/6","2020-11-24 17:50:12"
"116","1","user@sus.com","63b50735f9d878f3a7bebf7a90df798c","9/3/9/3","2020-11-24 17:51:13"
"117","1","user@sus.com","A708FD10-1D96-4CD8-886C-358F48158CFE","8/5/7/8","2020-11-24 17:51:26"
"118","1","user@sus.com","1912FFE2-2A06-4848-8FBE-45E78A03268F","4/5/2/3","2020-11-24 17:51:28"
"119","1","user@sus.com","89FE7D4E-F1F8-44BD-8FDA-7B814A9396D2","4/5/6/7","2020-11-24 17:52:02"
"120","1","user@sus.com","C394917A-5B6C-4C30-A0CB-282BCDD92C78","4/8/4/9","2020-11-24 17:52:04"
"121","1","user@sus.com","14DB2AC0-7C85-4691-A13F-2F076735DFE1","8/5/8/8","2020-11-24 17:52:24"
"122","1","user@sus.com","91D1D2F3-2311-4EDD-B93B-3620A2BFB52E","4/9/6/7","2020-11-24 17:52:32"
"123","1","user@sus.com","8CE224D1-A47E-4389-9166-4593FC3EC073","5/2/7/7","2020-11-24 17:53:06"
"124","1","user@sus.com","8F565AA2-1A17-4398-B643-BCCA97FEFEDD","5/7/8/5","2020-11-24 17:53:13"
"125","1","user@sus.com","9B8148DA-9647-4A07-85DB-945E1324FB35","5/4/7/4","2020-11-24 17:55:49"
"126","1","user@sus.com","1912FFE2-2A06-4848-8FBE-45E78A03268F","5/5/2/6","2020-11-24 17:57:53"
"127","1","user@sus.com","296316c223200dc2d11d2588c64f7255","6/6/6/7","2020-11-24 17:58:02"
"128","1","user@sus.com","97382BD9-1E81-47B3-BA58-D24D4852F548","8/5/5/5","2020-11-24 18:01:14"
"129","1","user@sus.com","BE97E157-F978-460E-ADD8-032B34BB3C69","8/5/6/7","2020-11-24 18:02:26"
"130","1","user@sus.com","57f747aef5799b1ab0bff658426224b7","5/6/3/6","2020-11-24 18:09:04"
"131","1","user@sus.com","5C3738DB-FB16-4F46-AD8D-20AA55BDD144","4/5/4/3","2020-11-24 18:13:15"
"132","1","user@sus.com","A21EE99B-C0AE-469D-8D1B-E8A691CB6261","6/4/8/8","2020-11-24 18:14:36"
"133","1","user@sus.com","73D91DE9-8F4C-4DB2-890A-99AD0757E015","5/3/7/9","2020-11-24 18:15:38"
"134","1","user@sus.com","40d46bc8ad4c5c583768239117ea169d","5/3/6/8","2020-11-24 18:20:32"
"135","1","user@sus.com","57f747aef5799b1ab0bff658426224b7","9/3/1/7","2020-11-24 18:26:31"
"136","1","user@sus.com","A8EDFFC3-975E-4C0D-BA0F-3F367E03594A","8/4/8/8","2020-11-24 18:29:47"
"137","1","user@sus.com","88CEE66B-683B-4E76-B944-4300E67B7685","8/7/6/8","2020-11-24 18:30:40"
"138","1","user@sus.com","FB252F0C-5EDE-4DA9-890E-AD67445B49DA","6/3/2/4","2020-11-24 18:53:02"
"139","1","user@sus.com","6677CBE7-5D11-46CF-A9E2-9460BC3C9235","9/6/5/3","2020-11-24 19:34:14"
"140","1","user@sus.com","4a88f2b3142243440b0ec431da0aa4bb","3/7/6/7","2020-11-24 19:57:54"
"141","1","user@sus.com","FB252F0C-5EDE-4DA9-890E-AD67445B49DA","5/3/3/3","2020-11-24 20:23:49"
"142","1","user@sus.com","FB252F0C-5EDE-4DA9-890E-AD67445B49DA","5/3/5/3","2020-11-24 20:35:31"
"143","1","user@sus.com","CFB27003-F47D-442B-A9C7-C54B85CFBE11","9/9/9/9","2020-11-24 20:46:37"
"144","1","user@sus.com","A3D656C2-3D7E-4587-A4D1-F020826CAF70","7/5/8/5","2020-11-24 20:49:18"
"145","1","user@sus.com","1E537FEA-7607-4323-A228-5D2961FBBE29","2/1/6/9","2020-11-24 20:51:41"
"146","1","user@sus.com","CFB27003-F47D-442B-A9C7-C54B85CFBE11","5/7/5/8","2020-11-24 20:57:39"
"147","1","user@sus.com","35BB3AF2-E2AC-462A-A867-4B210F3B43F3","3/1/9/9","2020-11-24 21:14:02"
"148","1","user@sus.com","35BB3AF2-E2AC-462A-A867-4B210F3B43F3","5/2/7/7","2020-11-24 21:22:34"
"149","1","user@sus.com","1E537FEA-7607-4323-A228-5D2961FBBE29","9/1/9/7","2020-11-24 21:47:04"
"150","1","user@sus.com","62e5a01474758b80897e473e9a17ada8","3/1/2/9","2020-11-24 22:02:25"
"151","1","user@sus.com","80bab71849aa9972467483b8b39a319a","6/7/5/4","2020-11-25 10:43:48"
"152","1","user@sus.com","B7130504-10C2-416D-BBE7-A973973FA191","2/1/7/9","2020-11-25 13:34:57"
"153","1","user@sus.com","8e4dea1713a5b7e92e6ff974c59084f7","8/9/8/8","2020-11-25 17:48:36"
"154","1","user@sus.com","40d46bc8ad4c5c583768239117ea169d","6/1/7/8","2020-11-25 17:48:52"
"155","1","user@sus.com","adfa84f7e0a6798541e06dcebe4eefe6","7/3/7/8","2020-11-25 17:49:39"
"156","1","user@sus.com","EA3C2690-DB92-4CB8-A87A-DB20F87B84EE","6/5/9/7","2020-11-25 17:49:50"
"157","1","user@sus.com","A9C02789-088B-4F0A-B9EB-C129294D006C","5/8/7/9","2020-11-25 17:50:16"
"158","1","user@sus.com","81B4A15A-E976-42FE-BC87-8E44B70EFC03","6/4/7/9","2020-11-25 17:50:33"
"159","1","user@sus.com","9647b22ad9e4e1e9377782190a26a0fe","8/4/6/8","2020-11-25 17:51:29"
"160","1","user@sus.com","38DE4E3F-5860-456C-B2F8-BA9FE8A4027A","6/6/8/3","2020-11-25 17:51:36"
"161","1","user@sus.com","F890048F-0845-4B06-B206-5F12AF53F8FC","7/4/7/9","2020-11-25 17:52:11"
"162","1","user@sus.com","08BB357D-9DEF-4635-A6AF-BB84E805B726","6/8/6/7","2020-11-25 17:52:45"
"163","1","user@sus.com","57f747aef5799b1ab0bff658426224b7","6/7/6/7","2020-11-25 17:54:41"
"164","1","user@sus.com","7BEB5410-C3B3-4CE9-A090-D1EDC01E8C89","8/8/7/8","2020-11-25 17:58:00"
"165","1","user@sus.com","D5B505F5-E957-437A-8DBC-0317451B7134","3/3/3/8","2020-11-25 18:18:17"
"166","1","user@sus.com","3F665500-1022-4E56-AFC7-33EBBB203998","3/6/8/8","2020-11-25 18:18:41"
"167","1","user@sus.com","5a7ac176a907c550400eca105dba9be7","5/4/6/7","2020-11-25 18:24:30"
"168","1","user@sus.com","C7258996-0348-4088-A93D-413BC3A56E41","4/2/6/9","2020-11-25 18:30:48"
"169","1","user@sus.com","81B4A15A-E976-42FE-BC87-8E44B70EFC03","9/8/9/6","2020-11-26 17:08:25"
"170","1","user@sus.com","0ff8e4426b401562865b7e7eeb70b22a","7/1/4/7","2020-11-26 17:08:40"
"171","1","user@sus.com","982b2f85deb94ff2da15edbd1bb1565b","4/3/4/4","2020-11-26 17:08:42"
"172","1","user@sus.com","adfa84f7e0a6798541e06dcebe4eefe6","5/4/8/9","2020-11-26 17:09:21"
"173","1","user@sus.com","10D2F6C2-02E9-4F69-8DB8-3BC2C9873158","8/4/2/7","2020-11-26 17:10:49"
"174","1","user@sus.com","2EE732B1-4808-4FF2-AE13-27C73FD341D5","6/1/7/9","2020-11-26 17:11:27"
"175","1","user@sus.com","81B4A15A-E976-42FE-BC87-8E44B70EFC03","8/4/5/7","2020-11-26 17:13:34"
"176","1","user@sus.com","ba0628722709bba674ab872d3bc17c07","2/1/9/9","2020-11-26 17:14:01"
"177","1","user@sus.com","5a7ac176a907c550400eca105dba9be7","5/4/4/7","2020-11-26 17:15:22"
"178","1","user@sus.com","04A1AC31-9B4D-41D6-8519-260C84111F32","8/9/9/9","2020-11-26 21:02:44"
"179","1","user@sus.com","9647b22ad9e4e1e9377782190a26a0fe","8/4/6/9","2020-11-26 21:42:04"
"180","1","user@sus.com","9b7f6281406e55945036f70faebecd8b","7/3/6/8","2020-11-27 18:15:38"
"181","1","user@sus.com","D0E157EB-22B2-4136-92BC-919846804688","6/5/5/5","2020-11-27 18:18:26"
"182","1","user@sus.com","ECA09D77-31C5-4B3C-8238-B83C4B9F1E99","3/2/7/8","2020-11-27 18:32:04"
"183","1","user@sus.com","4FF3FE92-7215-4904-A62C-49B4C1180BDE","9/7/9/6","2020-11-27 20:01:49"
"184","1","user@sus.com","F287FF46-4560-40DC-9692-2083E0A29D3C","2/6/4/6","2020-11-27 22:06:46"
"185","1","user@sus.com","52aafaffa373e62906b69dbb97c87907","2/1/9/9","2020-11-28 09:47:05"
"186","1","user@sus.com","52aafaffa373e62906b69dbb97c87907","2/1/9/9","2020-11-28 09:52:40"
"187","1","user@sus.com","040AFEFA-CB03-4A13-BFC8-077C07B44512","7/5/6/7","2020-11-28 13:03:08"
"188","1","user@sus.com","799a3225b65284628e5db5091dd89f09","6/5/6/2","2020-11-29 19:58:24"
